{"stats":{"minecraft:custom":{"minecraft:jump":14,"minecraft:time_since_rest":1859,"minecraft:crouch_one_cm":359,"minecraft:play_one_minute":1859,"minecraft:leave_game":1,"minecraft:sprint_one_cm":3506,"minecraft:time_since_death":1859,"minecraft:walk_one_cm":3114,"minecraft:sneak_time":82,"minecraft:fly_one_cm":2361},"minecraft:picked_up":{"minecraft:oak_sapling":1},"minecraft:used":{"minecraft:oak_sapling":1},"minecraft:mined":{"minecraft:grass":3,"minecraft:oak_leaves":2}},"DataVersion":2586}