{"stats":{"minecraft:mined":{"minecraft:grass":79,"minecraft:grass_block":1,"minecraft:dead_bush":1,"minecraft:tall_grass":8,"minecraft:lily_pad":1,"minecraft:oak_leaves":15,"minecraft:peony":4,"minecraft:cornflower":3},"minecraft:used":{"minecraft:peony":3,"minecraft:cornflower":3,"minecraft:oak_sapling":1,"minecraft:porkchop":1,"minecraft:egg":2},"minecraft:custom":{"minecraft:open_chest":2,"minecraft:time_since_rest":11851,"minecraft:play_one_minute":11851,"minecraft:crouch_one_cm":5667,"minecraft:sprint_one_cm":22174,"minecraft:damage_taken":60,"minecraft:walk_one_cm":43849,"minecraft:sneak_time":1520,"minecraft:walk_under_water_one_cm":673,"minecraft:mob_kills":1,"minecraft:jump":354,"minecraft:damage_dealt":187,"minecraft:leave_game":2,"minecraft:walk_on_water_one_cm":1053,"minecraft:time_since_death":11851,"minecraft:fly_one_cm":62194,"minecraft:fall_one_cm":8981},"minecraft:killed":{"minecraft:pig":1},"minecraft:picked_up":{"minecraft:wheat_seeds":8,"minecraft:peony":3,"minecraft:porkchop":1,"minecraft:lily_pad":1,"minecraft:oak_sapling":1,"minecraft:cornflower":3,"minecraft:dirt":1,"minecraft:egg":2}},"DataVersion":2586}