{"stats":{"minecraft:custom":{"minecraft:jump":70,"minecraft:time_since_rest":1930,"minecraft:walk_on_water_one_cm":312,"minecraft:damage_taken":90,"minecraft:play_one_minute":1930,"minecraft:leave_game":1,"minecraft:sprint_one_cm":8059,"minecraft:time_since_death":1930,"minecraft:walk_one_cm":2792,"minecraft:fall_one_cm":3553,"minecraft:fly_one_cm":12521},"minecraft:used":{"minecraft:oak_log":4},"minecraft:picked_up":{"minecraft:oak_log":4},"minecraft:mined":{"minecraft:tall_grass":2,"minecraft:grass":2,"minecraft:oak_log":4}},"DataVersion":2586}